id,studio_id,instructor_id,source,source_id,title,style,difficulty,pacing,duration_min,price,description,target_outcomes,contraindications,schedule,crawled_at,search_vec
1,,,taling,08da0ffc64a58174,마음챙김 명상요가 - 마음 가는 대로 요가,yin,,,,,,,,"{""city"": ""서울"", ""type"": ""private"", ""instructor"": null, ""platform_url"": ""https://www.taling.me""}",2026-05-21T23:48:44.249003+00:00,'yin':7 '가는':4 '대로':5 '마음':3 '마음챙김':1 '명상요가':2 '요가':6
2,,,taling,d95f7494d00c43f0,무너진 체형 8주 만에 리셋! <체형 교정 솔루션 요가>,yoga,,,,,,,,"{""city"": ""서울"", ""type"": ""private"", ""instructor"": null, ""platform_url"": ""https://www.taling.me""}",2026-05-21T23:48:44.257817+00:00,"'8주':3 'yoga':10 '교정':7 '리셋':5 '만에':4 '무너진':1 '솔루션':8 '요가':9 '체형':2,6"
3,,,taling,45170c7c0e00909f,성형 없이 얼굴 골격 재창조!<br><셀프 경락 + 페이스 요가>,yoga,,,,,,,,"{""city"": ""서울"", ""type"": ""private"", ""instructor"": null, ""platform_url"": ""https://www.taling.me""}",2026-05-21T23:48:44.257870+00:00,'yoga':10 '경락':7 '골격':4 '성형':1 '셀프':6 '얼굴':3 '없이':2 '요가':9 '재창조':5 '페이스':8
4,,,taling,fed65f2d87c33626,아메리카요가 목동점,yoga,,,,,,,,"{""city"": ""서울"", ""type"": ""private"", ""instructor"": null, ""platform_url"": ""https://www.taling.me""}",2026-05-21T23:48:44.257903+00:00,'yoga':3 '목동점':2 '아메리카요가':1
5,,,taling,cba3fd6908ccf024,아메리카요가 건대점,yoga,,,,,,,,"{""city"": ""서울"", ""type"": ""private"", ""instructor"": null, ""platform_url"": ""https://www.taling.me""}",2026-05-21T23:48:44.257913+00:00,'yoga':3 '건대점':2 '아메리카요가':1
6,,,taling,d3be82b86d643a9f,아메리카요가 발산점,yoga,,,,,,,,"{""city"": ""서울"", ""type"": ""private"", ""instructor"": null, ""platform_url"": ""https://www.taling.me""}",2026-05-21T23:48:44.257922+00:00,'yoga':3 '발산점':2 '아메리카요가':1
7,,,taling,102d4e6181600a2c,아메리카요가 청량리점,yoga,,,,,,,,"{""city"": ""서울"", ""type"": ""private"", ""instructor"": null, ""platform_url"": ""https://www.taling.me""}",2026-05-21T23:48:44.257929+00:00,'yoga':3 '아메리카요가':1 '청량리점':2
8,,,taling,0ef797ea15167b44,아메리카요가 여의도점,yoga,,,,,,,,"{""city"": ""서울"", ""type"": ""private"", ""instructor"": null, ""platform_url"": ""https://www.taling.me""}",2026-05-21T23:48:44.257937+00:00,'yoga':3 '아메리카요가':1 '여의도점':2
17,,,taling,c9ac0d2ef42726fc,마음챙김 명상요가 - 마음 가는 대로 요가,yin,,,,,,,,"{""city"": ""부산"", ""type"": ""private"", ""instructor"": null, ""platform_url"": ""https://www.taling.me""}",2026-05-26T13:39:52.333868+00:00,'yin':7 '가는':4 '대로':5 '마음':3 '마음챙김':1 '명상요가':2 '요가':6
18,,,taling,0bcdd596919ac5e5,무너진 체형 8주 만에 리셋! <체형 교정 솔루션 요가>,yoga,,,,,,,,"{""city"": ""부산"", ""type"": ""private"", ""instructor"": null, ""platform_url"": ""https://www.taling.me""}",2026-05-26T13:39:52.346569+00:00,"'8주':3 'yoga':10 '교정':7 '리셋':5 '만에':4 '무너진':1 '솔루션':8 '요가':9 '체형':2,6"
19,,,taling,ce162af25947d090,성형 없이 얼굴 골격 재창조!<br><셀프 경락 + 페이스 요가>,yoga,,,,,,,,"{""city"": ""부산"", ""type"": ""private"", ""instructor"": null, ""platform_url"": ""https://www.taling.me""}",2026-05-21T23:49:12.861188+00:00,'yoga':10 '경락':7 '골격':4 '성형':1 '셀프':6 '얼굴':3 '없이':2 '요가':9 '재창조':5 '페이스':8
20,,,taling,f604c37e0b96cea9,아메리카요가 발산점,yoga,,,,,,,,"{""city"": ""부산"", ""type"": ""private"", ""instructor"": null, ""platform_url"": ""https://www.taling.me""}",2026-05-26T13:39:52.346733+00:00,'yoga':3 '발산점':2 '아메리카요가':1
21,,,taling,cffedd43efd76aea,아메리카요가 건대점,yoga,,,,,,,,"{""city"": ""부산"", ""type"": ""private"", ""instructor"": null, ""platform_url"": ""https://www.taling.me""}",2026-05-26T13:39:52.346750+00:00,'yoga':3 '건대점':2 '아메리카요가':1
22,,,taling,96b6fa409748b644,아메리카요가 목동점,yoga,,,,,,,,"{""city"": ""부산"", ""type"": ""private"", ""instructor"": null, ""platform_url"": ""https://www.taling.me""}",2026-05-26T13:39:52.346763+00:00,'yoga':3 '목동점':2 '아메리카요가':1
23,,,taling,7e4727f0c231e5e7,아메리카요가 청량리점,yoga,,,,,,,,"{""city"": ""부산"", ""type"": ""private"", ""instructor"": null, ""platform_url"": ""https://www.taling.me""}",2026-05-26T13:39:52.346776+00:00,'yoga':3 '아메리카요가':1 '청량리점':2
24,,,taling,221123ec7d317cdf,아메리카요가 여의도점,yoga,,,,,,,,"{""city"": ""부산"", ""type"": ""private"", ""instructor"": null, ""platform_url"": ""https://www.taling.me""}",2026-05-26T13:39:52.346788+00:00,'yoga':3 '아메리카요가':1 '여의도점':2
25,,,taling,35dc8876af4ccc7c,하트풀니스 요가와 자애 명상,meditation,,,,,,,,"{""city"": ""부산"", ""type"": ""private"", ""instructor"": null, ""platform_url"": ""https://www.taling.me""}",2026-05-26T13:39:52.346889+00:00,'meditation':5 '명상':4 '요가와':2 '자애':3 '하트풀니스':1
26,,,taling,09e525c2ac7a2967,올바른 휴식을 도와주는  회복 요가,yoga,,,,,,,,"{""city"": ""부산"", ""type"": ""private"", ""instructor"": null, ""platform_url"": ""https://www.taling.me""}",2026-05-26T13:39:52.346986+00:00,'yoga':6 '도와주는':3 '올바른':1 '요가':5 '회복':4 '휴식을':2
27,,,taling,097edbab355e66d1,요가강사로서의 성공전략,yoga,,,,,,,,"{""city"": ""부산"", ""type"": ""private"", ""instructor"": null, ""platform_url"": ""https://www.taling.me""}",2026-05-26T13:39:52.347092+00:00,'yoga':3 '성공전략':2 '요가강사로서의':1
28,,,taling,7d627c64cd0f0cef,봄의 생기를 불어넣는 <br>전신 요가 (아쉬탕가) ,ashtanga,,,,,,,,"{""city"": ""부산"", ""type"": ""private"", ""instructor"": null, ""platform_url"": ""https://www.taling.me""}",2026-05-26T13:39:52.347231+00:00,'ashtanga':7 '봄의':1 '불어넣는':3 '생기를':2 '아쉬탕가':6 '요가':5 '전신':4
29,,,taling,6f53def2fe24919d,"아쉬탕가, 싱잉볼 명상, 요가<br>내 삶을 채우는 웰니스 패키지",ashtanga,,,,,,,,"{""city"": ""부산"", ""type"": ""private"", ""instructor"": null, ""platform_url"": ""https://www.taling.me""}",2026-05-26T13:39:52.347334+00:00,'ashtanga':10 '내':5 '명상':3 '삶을':6 '싱잉볼':2 '아쉬탕가':1 '요가':4 '웰니스':8 '채우는':7 '패키지':9
30,,,taling,20c1425d1741f8bc,"주말 요가, 디퓨져 원데이 클래스",yoga,,,,,,,,"{""city"": ""부산"", ""type"": ""private"", ""instructor"": null, ""platform_url"": ""https://www.taling.me""}",2026-05-26T13:39:52.347437+00:00,'yoga':6 '디퓨져':3 '요가':2 '원데이':4 '주말':1 '클래스':5
31,,,taling,ea8c679965d73da1,마음챙김 명상요가 - 마음 가는 대로 요가,yin,,,,,,,,"{""city"": ""대구"", ""type"": ""private"", ""instructor"": null, ""platform_url"": ""https://www.taling.me""}",2026-05-26T13:40:40.864975+00:00,'yin':7 '가는':4 '대로':5 '마음':3 '마음챙김':1 '명상요가':2 '요가':6
32,,,taling,1b7f2c706440aef4,무너진 체형 8주 만에 리셋! <체형 교정 솔루션 요가>,yoga,,,,,,,,"{""city"": ""대구"", ""type"": ""private"", ""instructor"": null, ""platform_url"": ""https://www.taling.me""}",2026-05-26T13:40:40.871606+00:00,"'8주':3 'yoga':10 '교정':7 '리셋':5 '만에':4 '무너진':1 '솔루션':8 '요가':9 '체형':2,6"
33,,,taling,2a0fcfb7eda574c1,성형 없이 얼굴 골격 재창조!<br><셀프 경락 + 페이스 요가>,yoga,,,,,,,,"{""city"": ""대구"", ""type"": ""private"", ""instructor"": null, ""platform_url"": ""https://www.taling.me""}",2026-05-21T23:49:43.058449+00:00,'yoga':10 '경락':7 '골격':4 '성형':1 '셀프':6 '얼굴':3 '없이':2 '요가':9 '재창조':5 '페이스':8
34,,,taling,dedd8db06cbb396e,아메리카요가 발산점,yoga,,,,,,,,"{""city"": ""대구"", ""type"": ""private"", ""instructor"": null, ""platform_url"": ""https://www.taling.me""}",2026-05-26T13:40:40.871633+00:00,'yoga':3 '발산점':2 '아메리카요가':1
35,,,taling,6ea5e3e3e4caf350,아메리카요가 건대점,yoga,,,,,,,,"{""city"": ""대구"", ""type"": ""private"", ""instructor"": null, ""platform_url"": ""https://www.taling.me""}",2026-05-26T13:40:40.871648+00:00,'yoga':3 '건대점':2 '아메리카요가':1
36,,,taling,008b5bb19f85bc0e,아메리카요가 목동점,yoga,,,,,,,,"{""city"": ""대구"", ""type"": ""private"", ""instructor"": null, ""platform_url"": ""https://www.taling.me""}",2026-05-26T13:40:40.871660+00:00,'yoga':3 '목동점':2 '아메리카요가':1
37,,,taling,f9444be687e3646a,아메리카요가 청량리점,yoga,,,,,,,,"{""city"": ""대구"", ""type"": ""private"", ""instructor"": null, ""platform_url"": ""https://www.taling.me""}",2026-05-26T13:40:40.871673+00:00,'yoga':3 '아메리카요가':1 '청량리점':2
38,,,taling,813e76d8561f8087,아메리카요가 여의도점,yoga,,,,,,,,"{""city"": ""대구"", ""type"": ""private"", ""instructor"": null, ""platform_url"": ""https://www.taling.me""}",2026-05-26T13:40:40.871690+00:00,'yoga':3 '아메리카요가':1 '여의도점':2
39,,,taling,4cd5a333f189aa9b,하트풀니스 요가와 자애 명상,meditation,,,,,,,,"{""city"": ""대구"", ""type"": ""private"", ""instructor"": null, ""platform_url"": ""https://www.taling.me""}",2026-05-26T13:40:40.871780+00:00,'meditation':5 '명상':4 '요가와':2 '자애':3 '하트풀니스':1
40,,,taling,0f86ba6dc97411f6,올바른 휴식을 도와주는  회복 요가,yoga,,,,,,,,"{""city"": ""대구"", ""type"": ""private"", ""instructor"": null, ""platform_url"": ""https://www.taling.me""}",2026-05-26T13:40:40.871872+00:00,'yoga':6 '도와주는':3 '올바른':1 '요가':5 '회복':4 '휴식을':2
41,,,taling,12b810f1b1219082,요가강사로서의 성공전략,yoga,,,,,,,,"{""city"": ""대구"", ""type"": ""private"", ""instructor"": null, ""platform_url"": ""https://www.taling.me""}",2026-05-26T13:40:40.871984+00:00,'yoga':3 '성공전략':2 '요가강사로서의':1
42,,,taling,e213a821207f50a8,봄의 생기를 불어넣는 <br>전신 요가 (아쉬탕가) ,ashtanga,,,,,,,,"{""city"": ""대구"", ""type"": ""private"", ""instructor"": null, ""platform_url"": ""https://www.taling.me""}",2026-05-26T13:40:40.872073+00:00,'ashtanga':7 '봄의':1 '불어넣는':3 '생기를':2 '아쉬탕가':6 '요가':5 '전신':4
43,,,taling,5808a84335115781,"아쉬탕가, 싱잉볼 명상, 요가<br>내 삶을 채우는 웰니스 패키지",ashtanga,,,,,,,,"{""city"": ""대구"", ""type"": ""private"", ""instructor"": null, ""platform_url"": ""https://www.taling.me""}",2026-05-26T13:40:40.872163+00:00,'ashtanga':10 '내':5 '명상':3 '삶을':6 '싱잉볼':2 '아쉬탕가':1 '요가':4 '웰니스':8 '채우는':7 '패키지':9
44,,,taling,e07da50faa03cda6,"주말 요가, 디퓨져 원데이 클래스",yoga,,,,,,,,"{""city"": ""대구"", ""type"": ""private"", ""instructor"": null, ""platform_url"": ""https://www.taling.me""}",2026-05-26T13:40:40.872281+00:00,'yoga':6 '디퓨져':3 '요가':2 '원데이':4 '주말':1 '클래스':5
45,,,taling,06ee6aee98935e2c,마음챙김 명상요가 - 마음 가는 대로 요가,yin,,,,,,,,"{""city"": ""인천"", ""type"": ""private"", ""instructor"": null, ""platform_url"": ""https://www.taling.me""}",2026-05-26T13:41:25.675864+00:00,'yin':7 '가는':4 '대로':5 '마음':3 '마음챙김':1 '명상요가':2 '요가':6
46,,,taling,1d1a3a1d6555a3e9,무너진 체형 8주 만에 리셋! <체형 교정 솔루션 요가>,yoga,,,,,,,,"{""city"": ""인천"", ""type"": ""private"", ""instructor"": null, ""platform_url"": ""https://www.taling.me""}",2026-05-26T13:41:25.681868+00:00,"'8주':3 'yoga':10 '교정':7 '리셋':5 '만에':4 '무너진':1 '솔루션':8 '요가':9 '체형':2,6"
47,,,taling,522c41d7ea65159a,성형 없이 얼굴 골격 재창조!<br><셀프 경락 + 페이스 요가>,yoga,,,,,,,,"{""city"": ""인천"", ""type"": ""private"", ""instructor"": null, ""platform_url"": ""https://www.taling.me""}",2026-05-21T23:50:10.403133+00:00,'yoga':10 '경락':7 '골격':4 '성형':1 '셀프':6 '얼굴':3 '없이':2 '요가':9 '재창조':5 '페이스':8
48,,,taling,1923d067dfbabe3f,아메리카요가 발산점,yoga,,,,,,,,"{""city"": ""인천"", ""type"": ""private"", ""instructor"": null, ""platform_url"": ""https://www.taling.me""}",2026-05-26T13:41:25.681888+00:00,'yoga':3 '발산점':2 '아메리카요가':1
49,,,taling,5480d48ccf41e74e,아메리카요가 건대점,yoga,,,,,,,,"{""city"": ""인천"", ""type"": ""private"", ""instructor"": null, ""platform_url"": ""https://www.taling.me""}",2026-05-26T13:41:25.681896+00:00,'yoga':3 '건대점':2 '아메리카요가':1
50,,,taling,bb8ec0e17bcee626,아메리카요가 목동점,yoga,,,,,,,,"{""city"": ""인천"", ""type"": ""private"", ""instructor"": null, ""platform_url"": ""https://www.taling.me""}",2026-05-26T13:41:25.681904+00:00,'yoga':3 '목동점':2 '아메리카요가':1
51,,,taling,abd506224fd73614,아메리카요가 청량리점,yoga,,,,,,,,"{""city"": ""인천"", ""type"": ""private"", ""instructor"": null, ""platform_url"": ""https://www.taling.me""}",2026-05-26T13:41:25.681913+00:00,'yoga':3 '아메리카요가':1 '청량리점':2
52,,,taling,1ab0d51261f970ee,아메리카요가 여의도점,yoga,,,,,,,,"{""city"": ""인천"", ""type"": ""private"", ""instructor"": null, ""platform_url"": ""https://www.taling.me""}",2026-05-26T13:41:25.681920+00:00,'yoga':3 '아메리카요가':1 '여의도점':2
53,,,taling,f0962676737f9f41,하트풀니스 요가와 자애 명상,meditation,,,,,,,,"{""city"": ""인천"", ""type"": ""private"", ""instructor"": null, ""platform_url"": ""https://www.taling.me""}",2026-05-26T13:41:25.681975+00:00,'meditation':5 '명상':4 '요가와':2 '자애':3 '하트풀니스':1
54,,,taling,3bde15f42daf553b,올바른 휴식을 도와주는  회복 요가,yoga,,,,,,,,"{""city"": ""인천"", ""type"": ""private"", ""instructor"": null, ""platform_url"": ""https://www.taling.me""}",2026-05-26T13:41:25.682024+00:00,'yoga':6 '도와주는':3 '올바른':1 '요가':5 '회복':4 '휴식을':2
55,,,taling,e88cff7cb5718e5d,요가강사로서의 성공전략,yoga,,,,,,,,"{""city"": ""인천"", ""type"": ""private"", ""instructor"": null, ""platform_url"": ""https://www.taling.me""}",2026-05-26T13:41:25.682073+00:00,'yoga':3 '성공전략':2 '요가강사로서의':1
56,,,taling,ee0400d14f74eb87,봄의 생기를 불어넣는 <br>전신 요가 (아쉬탕가) ,ashtanga,,,,,,,,"{""city"": ""인천"", ""type"": ""private"", ""instructor"": null, ""platform_url"": ""https://www.taling.me""}",2026-05-26T13:41:25.682128+00:00,'ashtanga':7 '봄의':1 '불어넣는':3 '생기를':2 '아쉬탕가':6 '요가':5 '전신':4
57,,,taling,e33b2ce6b0c0557a,"아쉬탕가, 싱잉볼 명상, 요가<br>내 삶을 채우는 웰니스 패키지",ashtanga,,,,,,,,"{""city"": ""인천"", ""type"": ""private"", ""instructor"": null, ""platform_url"": ""https://www.taling.me""}",2026-05-26T13:41:25.682217+00:00,'ashtanga':10 '내':5 '명상':3 '삶을':6 '싱잉볼':2 '아쉬탕가':1 '요가':4 '웰니스':8 '채우는':7 '패키지':9
58,,,taling,c4eddd970c83fa60,"주말 요가, 디퓨져 원데이 클래스",yoga,,,,,,,,"{""city"": ""인천"", ""type"": ""private"", ""instructor"": null, ""platform_url"": ""https://www.taling.me""}",2026-05-26T13:41:25.682284+00:00,'yoga':6 '디퓨져':3 '요가':2 '원데이':4 '주말':1 '클래스':5
59,,,taling,3b915b0e9709cb3e,마음챙김 명상요가 - 마음 가는 대로 요가,yin,,,,,,,,"{""city"": ""광주"", ""type"": ""private"", ""instructor"": null, ""platform_url"": ""https://www.taling.me""}",2026-05-26T13:42:12.342837+00:00,'yin':7 '가는':4 '대로':5 '마음':3 '마음챙김':1 '명상요가':2 '요가':6
60,,,taling,bb0215387db4a1cd,무너진 체형 8주 만에 리셋! <체형 교정 솔루션 요가>,yoga,,,,,,,,"{""city"": ""광주"", ""type"": ""private"", ""instructor"": null, ""platform_url"": ""https://www.taling.me""}",2026-05-26T13:42:12.351374+00:00,"'8주':3 'yoga':10 '교정':7 '리셋':5 '만에':4 '무너진':1 '솔루션':8 '요가':9 '체형':2,6"
61,,,taling,8f53ffc8867a406b,성형 없이 얼굴 골격 재창조!<br><셀프 경락 + 페이스 요가>,yoga,,,,,,,,"{""city"": ""광주"", ""type"": ""private"", ""instructor"": null, ""platform_url"": ""https://www.taling.me""}",2026-05-21T23:50:39.835942+00:00,'yoga':10 '경락':7 '골격':4 '성형':1 '셀프':6 '얼굴':3 '없이':2 '요가':9 '재창조':5 '페이스':8
62,,,taling,570b6fc028d42064,아메리카요가 발산점,yoga,,,,,,,,"{""city"": ""광주"", ""type"": ""private"", ""instructor"": null, ""platform_url"": ""https://www.taling.me""}",2026-05-26T13:42:12.351391+00:00,'yoga':3 '발산점':2 '아메리카요가':1
63,,,taling,fe1c3668c2fe6715,아메리카요가 건대점,yoga,,,,,,,,"{""city"": ""광주"", ""type"": ""private"", ""instructor"": null, ""platform_url"": ""https://www.taling.me""}",2026-05-26T13:42:12.351404+00:00,'yoga':3 '건대점':2 '아메리카요가':1
64,,,taling,31ebbd161eaa1242,아메리카요가 목동점,yoga,,,,,,,,"{""city"": ""광주"", ""type"": ""private"", ""instructor"": null, ""platform_url"": ""https://www.taling.me""}",2026-05-26T13:42:12.351416+00:00,'yoga':3 '목동점':2 '아메리카요가':1
65,,,taling,0ec661002eea419a,아메리카요가 청량리점,yoga,,,,,,,,"{""city"": ""광주"", ""type"": ""private"", ""instructor"": null, ""platform_url"": ""https://www.taling.me""}",2026-05-26T13:42:12.351428+00:00,'yoga':3 '아메리카요가':1 '청량리점':2
66,,,taling,6ddff3aef846b002,아메리카요가 여의도점,yoga,,,,,,,,"{""city"": ""광주"", ""type"": ""private"", ""instructor"": null, ""platform_url"": ""https://www.taling.me""}",2026-05-26T13:42:12.351439+00:00,'yoga':3 '아메리카요가':1 '여의도점':2
67,,,taling,a456fb7cdfd8a201,하트풀니스 요가와 자애 명상,meditation,,,,,,,,"{""city"": ""광주"", ""type"": ""private"", ""instructor"": null, ""platform_url"": ""https://www.taling.me""}",2026-05-26T13:42:12.351537+00:00,'meditation':5 '명상':4 '요가와':2 '자애':3 '하트풀니스':1
68,,,taling,5d3e09641ea59b8a,올바른 휴식을 도와주는  회복 요가,yoga,,,,,,,,"{""city"": ""광주"", ""type"": ""private"", ""instructor"": null, ""platform_url"": ""https://www.taling.me""}",2026-05-26T13:42:12.351631+00:00,'yoga':6 '도와주는':3 '올바른':1 '요가':5 '회복':4 '휴식을':2
69,,,taling,e93213b37aa35947,요가강사로서의 성공전략,yoga,,,,,,,,"{""city"": ""광주"", ""type"": ""private"", ""instructor"": null, ""platform_url"": ""https://www.taling.me""}",2026-05-26T13:42:12.351719+00:00,'yoga':3 '성공전략':2 '요가강사로서의':1
70,,,taling,8b172a866f7b7e30,봄의 생기를 불어넣는 <br>전신 요가 (아쉬탕가) ,ashtanga,,,,,,,,"{""city"": ""광주"", ""type"": ""private"", ""instructor"": null, ""platform_url"": ""https://www.taling.me""}",2026-05-26T13:42:12.351814+00:00,'ashtanga':7 '봄의':1 '불어넣는':3 '생기를':2 '아쉬탕가':6 '요가':5 '전신':4
71,,,taling,2d6641b19db86500,"아쉬탕가, 싱잉볼 명상, 요가<br>내 삶을 채우는 웰니스 패키지",ashtanga,,,,,,,,"{""city"": ""광주"", ""type"": ""private"", ""instructor"": null, ""platform_url"": ""https://www.taling.me""}",2026-05-26T13:42:12.351905+00:00,'ashtanga':10 '내':5 '명상':3 '삶을':6 '싱잉볼':2 '아쉬탕가':1 '요가':4 '웰니스':8 '채우는':7 '패키지':9
72,,,taling,1b71b2c34936600f,"주말 요가, 디퓨져 원데이 클래스",yoga,,,,,,,,"{""city"": ""광주"", ""type"": ""private"", ""instructor"": null, ""platform_url"": ""https://www.taling.me""}",2026-05-26T13:42:12.351995+00:00,'yoga':6 '디퓨져':3 '요가':2 '원데이':4 '주말':1 '클래스':5
73,,,taling,acaefe4d1651b6ec,마음챙김 명상요가 - 마음 가는 대로 요가,yin,,,,,,,,"{""city"": ""대전"", ""type"": ""private"", ""instructor"": null, ""platform_url"": ""https://www.taling.me""}",2026-05-26T13:43:26.889560+00:00,'yin':7 '가는':4 '대로':5 '마음':3 '마음챙김':1 '명상요가':2 '요가':6
74,,,taling,3353101f7c3429cb,무너진 체형 8주 만에 리셋! <체형 교정 솔루션 요가>,yoga,,,,,,,,"{""city"": ""대전"", ""type"": ""private"", ""instructor"": null, ""platform_url"": ""https://www.taling.me""}",2026-05-26T13:43:26.896504+00:00,"'8주':3 'yoga':10 '교정':7 '리셋':5 '만에':4 '무너진':1 '솔루션':8 '요가':9 '체형':2,6"
75,,,taling,4099a389026fba80,성형 없이 얼굴 골격 재창조!<br><셀프 경락 + 페이스 요가>,yoga,,,,,,,,"{""city"": ""대전"", ""type"": ""private"", ""instructor"": null, ""platform_url"": ""https://www.taling.me""}",2026-05-21T23:51:07.666214+00:00,'yoga':10 '경락':7 '골격':4 '성형':1 '셀프':6 '얼굴':3 '없이':2 '요가':9 '재창조':5 '페이스':8
76,,,taling,8caf0cb9ad66ac0e,아메리카요가 발산점,yoga,,,,,,,,"{""city"": ""대전"", ""type"": ""private"", ""instructor"": null, ""platform_url"": ""https://www.taling.me""}",2026-05-26T13:43:26.896515+00:00,'yoga':3 '발산점':2 '아메리카요가':1
77,,,taling,7b4e5e0a98b5bf8e,아메리카요가 건대점,yoga,,,,,,,,"{""city"": ""대전"", ""type"": ""private"", ""instructor"": null, ""platform_url"": ""https://www.taling.me""}",2026-05-26T13:43:26.896524+00:00,'yoga':3 '건대점':2 '아메리카요가':1
78,,,taling,fcb950ecc093f948,아메리카요가 목동점,yoga,,,,,,,,"{""city"": ""대전"", ""type"": ""private"", ""instructor"": null, ""platform_url"": ""https://www.taling.me""}",2026-05-26T13:43:26.896532+00:00,'yoga':3 '목동점':2 '아메리카요가':1
79,,,taling,a21c357b4b565ada,아메리카요가 청량리점,yoga,,,,,,,,"{""city"": ""대전"", ""type"": ""private"", ""instructor"": null, ""platform_url"": ""https://www.taling.me""}",2026-05-26T13:43:26.896540+00:00,'yoga':3 '아메리카요가':1 '청량리점':2
80,,,taling,ddaf674972afee1b,아메리카요가 여의도점,yoga,,,,,,,,"{""city"": ""대전"", ""type"": ""private"", ""instructor"": null, ""platform_url"": ""https://www.taling.me""}",2026-05-26T13:43:26.896547+00:00,'yoga':3 '아메리카요가':1 '여의도점':2
81,,,taling,7756c2131d44f579,하트풀니스 요가와 자애 명상,meditation,,,,,,,,"{""city"": ""대전"", ""type"": ""private"", ""instructor"": null, ""platform_url"": ""https://www.taling.me""}",2026-05-26T13:43:26.896601+00:00,'meditation':5 '명상':4 '요가와':2 '자애':3 '하트풀니스':1
82,,,taling,14f87cdee251143f,올바른 휴식을 도와주는  회복 요가,yoga,,,,,,,,"{""city"": ""대전"", ""type"": ""private"", ""instructor"": null, ""platform_url"": ""https://www.taling.me""}",2026-05-26T13:43:26.896649+00:00,'yoga':6 '도와주는':3 '올바른':1 '요가':5 '회복':4 '휴식을':2
83,,,taling,bb23fbee24a48873,요가강사로서의 성공전략,yoga,,,,,,,,"{""city"": ""대전"", ""type"": ""private"", ""instructor"": null, ""platform_url"": ""https://www.taling.me""}",2026-05-26T13:43:26.896698+00:00,'yoga':3 '성공전략':2 '요가강사로서의':1
84,,,taling,0cabcfce2860e502,봄의 생기를 불어넣는 <br>전신 요가 (아쉬탕가) ,ashtanga,,,,,,,,"{""city"": ""대전"", ""type"": ""private"", ""instructor"": null, ""platform_url"": ""https://www.taling.me""}",2026-05-26T13:43:26.896743+00:00,'ashtanga':7 '봄의':1 '불어넣는':3 '생기를':2 '아쉬탕가':6 '요가':5 '전신':4
85,,,taling,c1c6ce46354a1702,"아쉬탕가, 싱잉볼 명상, 요가<br>내 삶을 채우는 웰니스 패키지",ashtanga,,,,,,,,"{""city"": ""대전"", ""type"": ""private"", ""instructor"": null, ""platform_url"": ""https://www.taling.me""}",2026-05-26T13:43:26.896789+00:00,'ashtanga':10 '내':5 '명상':3 '삶을':6 '싱잉볼':2 '아쉬탕가':1 '요가':4 '웰니스':8 '채우는':7 '패키지':9
86,,,taling,2003930332607955,"주말 요가, 디퓨져 원데이 클래스",yoga,,,,,,,,"{""city"": ""대전"", ""type"": ""private"", ""instructor"": null, ""platform_url"": ""https://www.taling.me""}",2026-05-26T13:43:26.896834+00:00,'yoga':6 '디퓨져':3 '요가':2 '원데이':4 '주말':1 '클래스':5
89,,,taling,c77b5408cbc43957,"성형 없이 얼굴 골격 재창조!
<셀프 경락 + 페이스 요가>",yoga,,,,,,,,"{""city"": ""부산"", ""type"": ""private"", ""instructor"": null, ""platform_url"": ""https://www.taling.me""}",2026-05-26T13:39:52.346686+00:00,'yoga':10 '경락':7 '골격':4 '성형':1 '셀프':6 '얼굴':3 '없이':2 '요가':9 '재창조':5 '페이스':8
102,,,taling,9034a8ee82138e15,"성형 없이 얼굴 골격 재창조!
<셀프 경락 + 페이스 요가>",yoga,,,,,,,,"{""city"": ""대구"", ""type"": ""private"", ""instructor"": null, ""platform_url"": ""https://www.taling.me""}",2026-05-26T13:40:40.871522+00:00,'yoga':10 '경락':7 '골격':4 '성형':1 '셀프':6 '얼굴':3 '없이':2 '요가':9 '재창조':5 '페이스':8
116,,,taling,d1dad72ded7e6fee,"성형 없이 얼굴 골격 재창조!
<셀프 경락 + 페이스 요가>",yoga,,,,,,,,"{""city"": ""인천"", ""type"": ""private"", ""instructor"": null, ""platform_url"": ""https://www.taling.me""}",2026-05-26T13:41:25.681809+00:00,'yoga':10 '경락':7 '골격':4 '성형':1 '셀프':6 '얼굴':3 '없이':2 '요가':9 '재창조':5 '페이스':8
130,,,taling,2e551456ac5ec08e,"성형 없이 얼굴 골격 재창조!
<셀프 경락 + 페이스 요가>",yoga,,,,,,,,"{""city"": ""광주"", ""type"": ""private"", ""instructor"": null, ""platform_url"": ""https://www.taling.me""}",2026-05-26T13:42:12.351301+00:00,'yoga':10 '경락':7 '골격':4 '성형':1 '셀프':6 '얼굴':3 '없이':2 '요가':9 '재창조':5 '페이스':8
144,,,taling,16eea5fe7eab532b,"성형 없이 얼굴 골격 재창조!
<셀프 경락 + 페이스 요가>",yoga,,,,,,,,"{""city"": ""대전"", ""type"": ""private"", ""instructor"": null, ""platform_url"": ""https://www.taling.me""}",2026-05-26T13:43:26.896459+00:00,'yoga':10 '경락':7 '골격':4 '성형':1 '셀프':6 '얼굴':3 '없이':2 '요가':9 '재창조':5 '페이스':8
157,,,taling,0f10bc6ab7a3ce2f,마음챙김 명상요가 - 마음 가는 대로 요가,yin,,,,,,,,"{""city"": ""울산"", ""type"": ""private"", ""instructor"": null, ""platform_url"": ""https://www.taling.me""}",2026-05-26T13:44:24.853345+00:00,'yin':7 '가는':4 '대로':5 '마음':3 '마음챙김':1 '명상요가':2 '요가':6
158,,,taling,7f4d6dcfef61116b,"성형 없이 얼굴 골격 재창조!
<셀프 경락 + 페이스 요가>",yoga,,,,,,,,"{""city"": ""울산"", ""type"": ""private"", ""instructor"": null, ""platform_url"": ""https://www.taling.me""}",2026-05-26T13:44:24.859942+00:00,'yoga':10 '경락':7 '골격':4 '성형':1 '셀프':6 '얼굴':3 '없이':2 '요가':9 '재창조':5 '페이스':8
159,,,taling,9357e51b89277c9e,무너진 체형 8주 만에 리셋! <체형 교정 솔루션 요가>,yoga,,,,,,,,"{""city"": ""울산"", ""type"": ""private"", ""instructor"": null, ""platform_url"": ""https://www.taling.me""}",2026-05-26T13:44:24.860019+00:00,"'8주':3 'yoga':10 '교정':7 '리셋':5 '만에':4 '무너진':1 '솔루션':8 '요가':9 '체형':2,6"
160,,,taling,35aa19958972cf89,아메리카요가 발산점,yoga,,,,,,,,"{""city"": ""울산"", ""type"": ""private"", ""instructor"": null, ""platform_url"": ""https://www.taling.me""}",2026-05-26T13:44:24.860042+00:00,'yoga':3 '발산점':2 '아메리카요가':1
161,,,taling,f339c0400fcba18b,아메리카요가 건대점,yoga,,,,,,,,"{""city"": ""울산"", ""type"": ""private"", ""instructor"": null, ""platform_url"": ""https://www.taling.me""}",2026-05-26T13:44:24.860056+00:00,'yoga':3 '건대점':2 '아메리카요가':1
162,,,taling,1b83693d8a1243a3,아메리카요가 목동점,yoga,,,,,,,,"{""city"": ""울산"", ""type"": ""private"", ""instructor"": null, ""platform_url"": ""https://www.taling.me""}",2026-05-26T13:44:24.860068+00:00,'yoga':3 '목동점':2 '아메리카요가':1
163,,,taling,4de5013ac5dd191d,아메리카요가 청량리점,yoga,,,,,,,,"{""city"": ""울산"", ""type"": ""private"", ""instructor"": null, ""platform_url"": ""https://www.taling.me""}",2026-05-26T13:44:24.860080+00:00,'yoga':3 '아메리카요가':1 '청량리점':2
164,,,taling,6f262c77b6140cbd,아메리카요가 여의도점,yoga,,,,,,,,"{""city"": ""울산"", ""type"": ""private"", ""instructor"": null, ""platform_url"": ""https://www.taling.me""}",2026-05-26T13:44:24.860091+00:00,'yoga':3 '아메리카요가':1 '여의도점':2
165,,,taling,efd0fd5505a229b2,하트풀니스 요가와 자애 명상,meditation,,,,,,,,"{""city"": ""울산"", ""type"": ""private"", ""instructor"": null, ""platform_url"": ""https://www.taling.me""}",2026-05-26T13:44:24.860545+00:00,'meditation':5 '명상':4 '요가와':2 '자애':3 '하트풀니스':1
166,,,taling,f2c9d7250c26e4a4,올바른 휴식을 도와주는  회복 요가,yoga,,,,,,,,"{""city"": ""울산"", ""type"": ""private"", ""instructor"": null, ""platform_url"": ""https://www.taling.me""}",2026-05-26T13:44:24.860675+00:00,'yoga':6 '도와주는':3 '올바른':1 '요가':5 '회복':4 '휴식을':2
167,,,taling,129a0d55c8a58489,요가강사로서의 성공전략,yoga,,,,,,,,"{""city"": ""울산"", ""type"": ""private"", ""instructor"": null, ""platform_url"": ""https://www.taling.me""}",2026-05-26T13:44:24.860776+00:00,'yoga':3 '성공전략':2 '요가강사로서의':1
168,,,taling,e30f0b92b05523e4,봄의 생기를 불어넣는 <br>전신 요가 (아쉬탕가) ,ashtanga,,,,,,,,"{""city"": ""울산"", ""type"": ""private"", ""instructor"": null, ""platform_url"": ""https://www.taling.me""}",2026-05-26T13:44:24.860870+00:00,'ashtanga':7 '봄의':1 '불어넣는':3 '생기를':2 '아쉬탕가':6 '요가':5 '전신':4
169,,,taling,84b22d6a13d2786c,"아쉬탕가, 싱잉볼 명상, 요가<br>내 삶을 채우는 웰니스 패키지",ashtanga,,,,,,,,"{""city"": ""울산"", ""type"": ""private"", ""instructor"": null, ""platform_url"": ""https://www.taling.me""}",2026-05-26T13:44:24.860964+00:00,'ashtanga':10 '내':5 '명상':3 '삶을':6 '싱잉볼':2 '아쉬탕가':1 '요가':4 '웰니스':8 '채우는':7 '패키지':9
170,,,taling,36f5c0c82d39ca89,"주말 요가, 디퓨져 원데이 클래스",yoga,,,,,,,,"{""city"": ""울산"", ""type"": ""private"", ""instructor"": null, ""platform_url"": ""https://www.taling.me""}",2026-05-26T13:44:24.861060+00:00,'yoga':6 '디퓨져':3 '요가':2 '원데이':4 '주말':1 '클래스':5
171,,,taling,22cafcba028b29a2,마음챙김 명상요가 - 마음 가는 대로 요가,yin,,,,,,,,"{""city"": ""수원"", ""type"": ""private"", ""instructor"": null, ""platform_url"": ""https://www.taling.me""}",2026-05-26T13:45:12.114453+00:00,'yin':7 '가는':4 '대로':5 '마음':3 '마음챙김':1 '명상요가':2 '요가':6
172,,,taling,2ffd4e9eafabdac4,"성형 없이 얼굴 골격 재창조!
<셀프 경락 + 페이스 요가>",yoga,,,,,,,,"{""city"": ""수원"", ""type"": ""private"", ""instructor"": null, ""platform_url"": ""https://www.taling.me""}",2026-05-26T13:45:12.122517+00:00,'yoga':10 '경락':7 '골격':4 '성형':1 '셀프':6 '얼굴':3 '없이':2 '요가':9 '재창조':5 '페이스':8
173,,,taling,4027e33cd7d4c976,무너진 체형 8주 만에 리셋! <체형 교정 솔루션 요가>,yoga,,,,,,,,"{""city"": ""수원"", ""type"": ""private"", ""instructor"": null, ""platform_url"": ""https://www.taling.me""}",2026-05-26T13:45:12.122592+00:00,"'8주':3 'yoga':10 '교정':7 '리셋':5 '만에':4 '무너진':1 '솔루션':8 '요가':9 '체형':2,6"
174,,,taling,4ea2287dbb31879d,아메리카요가 발산점,yoga,,,,,,,,"{""city"": ""수원"", ""type"": ""private"", ""instructor"": null, ""platform_url"": ""https://www.taling.me""}",2026-05-26T13:45:12.122615+00:00,'yoga':3 '발산점':2 '아메리카요가':1
175,,,taling,4f1a4d559b089452,아메리카요가 건대점,yoga,,,,,,,,"{""city"": ""수원"", ""type"": ""private"", ""instructor"": null, ""platform_url"": ""https://www.taling.me""}",2026-05-26T13:45:12.122629+00:00,'yoga':3 '건대점':2 '아메리카요가':1
176,,,taling,f6343dab17c1ad7d,아메리카요가 목동점,yoga,,,,,,,,"{""city"": ""수원"", ""type"": ""private"", ""instructor"": null, ""platform_url"": ""https://www.taling.me""}",2026-05-26T13:45:12.122641+00:00,'yoga':3 '목동점':2 '아메리카요가':1
177,,,taling,9b4f26812e8d9035,아메리카요가 청량리점,yoga,,,,,,,,"{""city"": ""수원"", ""type"": ""private"", ""instructor"": null, ""platform_url"": ""https://www.taling.me""}",2026-05-26T13:45:12.122654+00:00,'yoga':3 '아메리카요가':1 '청량리점':2
178,,,taling,39edd80137d1e4f2,아메리카요가 여의도점,yoga,,,,,,,,"{""city"": ""수원"", ""type"": ""private"", ""instructor"": null, ""platform_url"": ""https://www.taling.me""}",2026-05-26T13:45:12.122665+00:00,'yoga':3 '아메리카요가':1 '여의도점':2
179,,,taling,4eb9e1b96f0fbfe8,하트풀니스 요가와 자애 명상,meditation,,,,,,,,"{""city"": ""수원"", ""type"": ""private"", ""instructor"": null, ""platform_url"": ""https://www.taling.me""}",2026-05-26T13:45:12.122759+00:00,'meditation':5 '명상':4 '요가와':2 '자애':3 '하트풀니스':1
180,,,taling,0b7fa7a0829366f7,올바른 휴식을 도와주는  회복 요가,yoga,,,,,,,,"{""city"": ""수원"", ""type"": ""private"", ""instructor"": null, ""platform_url"": ""https://www.taling.me""}",2026-05-26T13:45:12.122850+00:00,'yoga':6 '도와주는':3 '올바른':1 '요가':5 '회복':4 '휴식을':2
181,,,taling,9f0d7ac24b333166,요가강사로서의 성공전략,yoga,,,,,,,,"{""city"": ""수원"", ""type"": ""private"", ""instructor"": null, ""platform_url"": ""https://www.taling.me""}",2026-05-26T13:45:12.122951+00:00,'yoga':3 '성공전략':2 '요가강사로서의':1
182,,,taling,e6ea669b18f306b2,봄의 생기를 불어넣는 <br>전신 요가 (아쉬탕가) ,ashtanga,,,,,,,,"{""city"": ""수원"", ""type"": ""private"", ""instructor"": null, ""platform_url"": ""https://www.taling.me""}",2026-05-26T13:45:12.123040+00:00,'ashtanga':7 '봄의':1 '불어넣는':3 '생기를':2 '아쉬탕가':6 '요가':5 '전신':4
183,,,taling,237d74913c013209,"아쉬탕가, 싱잉볼 명상, 요가<br>내 삶을 채우는 웰니스 패키지",ashtanga,,,,,,,,"{""city"": ""수원"", ""type"": ""private"", ""instructor"": null, ""platform_url"": ""https://www.taling.me""}",2026-05-26T13:45:12.123127+00:00,'ashtanga':10 '내':5 '명상':3 '삶을':6 '싱잉볼':2 '아쉬탕가':1 '요가':4 '웰니스':8 '채우는':7 '패키지':9
184,,,taling,e772dbd012d5038e,"주말 요가, 디퓨져 원데이 클래스",yoga,,,,,,,,"{""city"": ""수원"", ""type"": ""private"", ""instructor"": null, ""platform_url"": ""https://www.taling.me""}",2026-05-26T13:45:12.123243+00:00,'yoga':6 '디퓨져':3 '요가':2 '원데이':4 '주말':1 '클래스':5
185,,,taling,cc119ea9746f0f9c,마음챙김 명상요가 - 마음 가는 대로 요가,yin,,,,,,,,"{""city"": ""고양"", ""type"": ""private"", ""instructor"": null, ""platform_url"": ""https://www.taling.me""}",2026-05-26T13:46:19.553241+00:00,'yin':7 '가는':4 '대로':5 '마음':3 '마음챙김':1 '명상요가':2 '요가':6
186,,,taling,9aa61374dabfcdce,무너진 체형 8주 만에 리셋! <체형 교정 솔루션 요가>,yoga,,,,,,,,"{""city"": ""고양"", ""type"": ""private"", ""instructor"": null, ""platform_url"": ""https://www.taling.me""}",2026-05-26T13:46:19.562820+00:00,"'8주':3 'yoga':10 '교정':7 '리셋':5 '만에':4 '무너진':1 '솔루션':8 '요가':9 '체형':2,6"
187,,,taling,fb0e6fb5a8b534c3,"성형 없이 얼굴 골격 재창조!
<셀프 경락 + 페이스 요가>",yoga,,,,,,,,"{""city"": ""고양"", ""type"": ""private"", ""instructor"": null, ""platform_url"": ""https://www.taling.me""}",2026-05-26T13:46:19.562895+00:00,'yoga':10 '경락':7 '골격':4 '성형':1 '셀프':6 '얼굴':3 '없이':2 '요가':9 '재창조':5 '페이스':8
188,,,taling,bf57096c0e26a861,아메리카요가 발산점,yoga,,,,,,,,"{""city"": ""고양"", ""type"": ""private"", ""instructor"": null, ""platform_url"": ""https://www.taling.me""}",2026-05-26T13:46:19.562924+00:00,'yoga':3 '발산점':2 '아메리카요가':1
189,,,taling,69a582bc0f93acb7,아메리카요가 건대점,yoga,,,,,,,,"{""city"": ""고양"", ""type"": ""private"", ""instructor"": null, ""platform_url"": ""https://www.taling.me""}",2026-05-26T13:46:19.562937+00:00,'yoga':3 '건대점':2 '아메리카요가':1
190,,,taling,eb708dd8e6599c42,아메리카요가 목동점,yoga,,,,,,,,"{""city"": ""고양"", ""type"": ""private"", ""instructor"": null, ""platform_url"": ""https://www.taling.me""}",2026-05-26T13:46:19.562950+00:00,'yoga':3 '목동점':2 '아메리카요가':1
191,,,taling,4318ee546b75bc6e,아메리카요가 여의도점,yoga,,,,,,,,"{""city"": ""고양"", ""type"": ""private"", ""instructor"": null, ""platform_url"": ""https://www.taling.me""}",2026-05-26T13:46:19.562963+00:00,'yoga':3 '아메리카요가':1 '여의도점':2
192,,,taling,85dc6214e56de501,아메리카요가 청량리점,yoga,,,,,,,,"{""city"": ""고양"", ""type"": ""private"", ""instructor"": null, ""platform_url"": ""https://www.taling.me""}",2026-05-26T13:46:19.562977+00:00,'yoga':3 '아메리카요가':1 '청량리점':2
193,,,taling,1e79e2796f75761d,하트풀니스 요가와 자애 명상,meditation,,,,,,,,"{""city"": ""고양"", ""type"": ""private"", ""instructor"": null, ""platform_url"": ""https://www.taling.me""}",2026-05-26T13:46:19.563083+00:00,'meditation':5 '명상':4 '요가와':2 '자애':3 '하트풀니스':1
194,,,taling,c25c48569baf5b5c,올바른 휴식을 도와주는  회복 요가,yoga,,,,,,,,"{""city"": ""고양"", ""type"": ""private"", ""instructor"": null, ""platform_url"": ""https://www.taling.me""}",2026-05-26T13:46:19.563177+00:00,'yoga':6 '도와주는':3 '올바른':1 '요가':5 '회복':4 '휴식을':2
195,,,taling,ce723c93da043d4d,요가강사로서의 성공전략,yoga,,,,,,,,"{""city"": ""고양"", ""type"": ""private"", ""instructor"": null, ""platform_url"": ""https://www.taling.me""}",2026-05-26T13:46:19.563282+00:00,'yoga':3 '성공전략':2 '요가강사로서의':1
196,,,taling,f0b71bdcd796d665,봄의 생기를 불어넣는 <br>전신 요가 (아쉬탕가) ,ashtanga,,,,,,,,"{""city"": ""고양"", ""type"": ""private"", ""instructor"": null, ""platform_url"": ""https://www.taling.me""}",2026-05-26T13:46:19.563391+00:00,'ashtanga':7 '봄의':1 '불어넣는':3 '생기를':2 '아쉬탕가':6 '요가':5 '전신':4
197,,,taling,d0d5438e3e4d7fbc,"아쉬탕가, 싱잉볼 명상, 요가<br>내 삶을 채우는 웰니스 패키지",ashtanga,,,,,,,,"{""city"": ""고양"", ""type"": ""private"", ""instructor"": null, ""platform_url"": ""https://www.taling.me""}",2026-05-26T13:46:19.563485+00:00,'ashtanga':10 '내':5 '명상':3 '삶을':6 '싱잉볼':2 '아쉬탕가':1 '요가':4 '웰니스':8 '채우는':7 '패키지':9
198,,,taling,2aa449d8c2d15fc5,"주말 요가, 디퓨져 원데이 클래스",yoga,,,,,,,,"{""city"": ""고양"", ""type"": ""private"", ""instructor"": null, ""platform_url"": ""https://www.taling.me""}",2026-05-26T13:46:19.563583+00:00,'yoga':6 '디퓨져':3 '요가':2 '원데이':4 '주말':1 '클래스':5
